INSERT INTO department (department_id, dname, dept_description, dept_head)
VALUES
(7, 'Endocrinology', 'Deals with the endocrine system and the hormones it produces.', 107),
(8, 'Gastroenterology', 'Deals with the digestive system and its disorders.', 108),
(9, 'Rheumatology', 'Deals with musculoskeletal and autoimmune diseases.', 109),
(10, 'Dermatology', 'Deals with skin disorders.', 110),
(11, 'Psychiatry', 'Deals with mental health disorders and their treatment.', 111),
(12, 'Urology', 'Deals with the urinary tract and male reproductive system.', 112),
(13, 'Orthopedics', 'Deals with bone and joint disorders and injuries.', 113),
(14, 'Ophthalmology', 'Deals with eye disorders and diseases.', 114),
(15, 'Gynecology', 'Deals with the female reproductive system.', 115),
(16, 'Allergy and Immunology', 'Deals with allergies and immune system disorders.', 116),
(17, 'Hematology', 'Deals with blood disorders and diseases.', 117),
(18, 'Pulmonology', 'Deals with lung and respiratory system disorders.', 118),
(19, 'Infectious Disease', 'Deals with infectious diseases and their treatment.', 119),
(20, 'Physical Therapy', 'Deals with rehabilitation after injuries or surgeries.', 120);

INSERT INTO employee (employee_id, fname, lname, age, address, gender, title, patient_type, department)
VALUES
(107, 'David', 'Lee', 41, '2345 Maple St, Anycity USA', 'Male', 'Doctor', 'Adult', 7),
(108, 'Amy', 'Wang', 33, '5678 Oak St, Anystate USA', 'Female', 'Doctor', 'Adult', 8),
(109, 'Tom', 'Chen', 49, '9012 Elm St, Anyville USA', 'Male', 'Doctor', 'Adult', 9),
(110, 'Emily', 'Wu', 27, '3456 Pine St, Anyplace USA', 'Female', 'Doctor', 'Adult', 10),
(111, 'Ryan', 'Nguyen', 43, '7890 Walnut St, Anytown USA', 'Male', 'Doctor', 'Adult', 11),
(112, 'Grace', 'Tran', 31, '4321 Main St, Anycity USA', 'Female', 'Doctor', 'Adult', 12),
(113, 'Henry', 'Gao', 55, '7654 Maple St, Anystate USA', 'Male', 'Doctor', 'Adult', 13),
(114, 'Ava', 'Zhang', 28, '9876 Oak St, Anyville USA', 'Female', 'Doctor', 'Adult', 14),
(115, 'Jack', 'Liu', 47, '3210 Elm St, Anyplace USA', 'Male', 'Doctor', 'Gynecologic', 15),
(116, 'Sophia', 'Jiang', 35, '6543 Pine St, Anytown USA', 'Female', 'Doctor', 'All', 16),
(117, 'Luke', 'Xu', 50, '0987 Walnut St, Anycity USA', 'Male', 'Doctor', 'Adult', 17),
(118, 'Olivia', 'Li', 29, '1357 Maple St, Anystate USA', 'Female','Doctor', 'Adult', 18);

INSERT INTO appointment (appointment_id, appointment_date, appointment_time, employee_id) 
VALUES 
(9988776, '2023-05-18', '09:00:00', 101),
(8877665, '2023-05-19', '10:00:00', 102),
(7766554, '2023-05-20', '11:00:00', 103),
(6655443, '2023-05-21', '12:00:00', 104),
(5544332, '2023-05-22', '13:00:00', 105),
(4433221, '2023-05-23', '14:00:00', 106),
(3322110, '2023-05-24', '15:00:00', 101),
(2211009, '2023-05-25', '16:00:00', 102),
(1100998, '2023-05-26', '17:00:00', 103),
(1234567, '2023-05-27', '18:00:00', 104),
(2345678, '2023-05-28', '19:00:00', 105),
(3456789, '2023-05-29', '20:00:00', 106),
(4567890, '2023-05-30', '21:00:00', 101),
(5678901, '2023-05-31', '22:00:00', 102),
(6789012, '2023-06-01', '23:00:00', 103),
(7890123, '2023-06-02', '00:00:00', 104),
(8901234, '2023-06-03', '01:00:00', 105),
(9012345, '2023-06-04', '02:00:00', 106),
(1239876, '2023-06-05', '03:00:00', 101),
(2348765, '2023-06-06', '04:00:00', 102),
(3457654, '2023-06-07', '05:00:00', 103),
(4566543, '2023-06-08', '06:00:00', 104),
(5675432, '2023-06-09', '07:00:00', 105),
(6784321, '2023-06-10', '08:00:00', 106),
(7893210, '2023-06-11', '09:00:00', 101),
(8902109, '2023-06-12', '10:00:00', 102),
(9010998, '2023-06-13', '11:00:00', 103),
(9876543, '2023-06-14', '12:00:00', 104),
(8765432, '2023-06-15', '13:00:00', 105),
(7654321, '2023-06-16', '14:00:00', 106);

INSERT INTO patients (patient_id, fname, lname, patient_type, age, address) 
VALUES 
(841325, 'Sophia', 'Lee', 'Pediatric', 7, '4444 Maple St, Anytown USA'),
(632589, 'Jacob', 'Wang', 'Adult', 36, '5555 Oak St, Anytown USA'),
(456127, 'Emily', 'Zhang', 'Pediatric', 10, '6666 Pine St, Anytown USA'),
(852369, 'Ethan', 'Gonzalez', 'Adult', 28, '7777 Elm St, Anytown USA'),
(154836, 'Olivia', 'Davis', 'Pediatric', 6, '8888 Walnut St, Anytown USA'),
(327489, 'Mia', 'Martinez', 'Pediatric', 5, '9999 Main St, Anytown USA'),
(968732, 'Michael', 'Robinson', 'Adult', 49, '1010 Maple St, Anytown USA'),
(852963, 'William', 'Taylor', 'Pediatric', 9, '1111 Oak St, Anytown USA'),
(741369, 'Benjamin', 'Clark', 'Adult', 31, '1212 Pine St, Anytown USA'),
(632598, 'Ava', 'Rodriguez', 'Pediatric', 3, '1313 Elm St, Anytown USA'),
(123456, 'Isabella', 'Allen', 'Pediatric', 8, '1414 Walnut St, Anytown USA'),
(987654, 'Daniel', 'Young', 'Adult', 45, '1515 Main St, Anytown USA'),
(753951, 'Evelyn', 'Hernandez', 'Pediatric', 11, '1616 Maple St, Anytown USA'),
(369852, 'Matthew', 'King', 'Adult', 56, '1717 Oak St, Anytown USA'),
(852741, 'Alexander', 'Wright', 'Adult', 24, '1818 Pine St, Anytown USA'),
(456123, 'Abigail', 'Lopez', 'Pediatric', 12, '1919 Elm St, Anytown USA'),
(789654, 'Mason', 'Scott', 'Adult', 29, '2020 Walnut St, Anytown USA'),
(369258, 'Samantha', 'Green', 'Pediatric', 4, '2121 Main St, Anytown USA'),
(258369, 'Natalie', 'Baker', 'Adult', 42, '2222 Maple St, Anytown USA'),
(456789, 'Landon', 'Adams', 'Pediatric', 7, '2323 Oak St, Anytown USA'),
(123789, 'Chloe', 'Nelson', 'Pediatric', 6, '2424 Pine St, Anytown USA'),
(741852, 'David', 'Carter', 'Adult', 33, '2525 Elm St, Anytown USA'),
(369874, 'Addison', 'Mitchell', 'Pediatric', 10, '2626 Walnut St, Anytown USA'),
(258741, 'Avery', 'Perez', 'Pediatric', 3, '2727 Main St, Anytown USA'),
(123852, 'Luke', 'Roberts', 'Adult', 37, '2828 Maple St, Anytown USA'),
(753159, 'Makayla', 'Turner', 'Pediatric', 9, '2929 Oak St, Anytown USA');